,LOAN_ID,DEFAULTER
0,3686224,0.08044959316436721
1,3686225,0.4955418098434713
2,3686226,0.10955183016722603
3,3686227,0.08429283960358204
4,3686228,0.07516105609747943
5,3686229,0.1275156512713286
6,3686230,0.26479853294439204
7,3686231,0.2257606428460061
8,3686232,0.08463094521094744
9,3686233,0.07925592490454005
10,3686234,0.07515611964621711
11,3686235,0.0906114315530342
12,3686236,0.1284473521011445
13,3686237,0.5534789018044136
14,3686238,0.0910621480670844
15,3686239,0.7538533675683393
16,3686240,0.27243111420651633
17,3686241,0.7514244882315233
18,3686242,0.14902805664749122
19,3686243,0.3449432013665578
20,3686244,0.5515301779066677
21,3686245,0.22046628550591568
22,3686246,0.19888073739748277
23,3686247,0.1051994850639235
24,3686248,0.20722495418575618
25,3686249,0.10237696678038023
26,3686250,0.08247403294092641
27,3686251,0.2037164962067464
28,3686252,0.19560777688719427
29,3686253,0.10462676814802267
30,3686254,0.6858401232397159
31,3686255,0.27284759437171713
32,3686256,0.11989594058272095
33,3686257,0.13227304436775794
34,3686258,0.18192343987385123
35,3686259,0.08935372228801056
36,3686260,0.26428911799079224
37,3686261,0.4535636355057718
38,3686262,0.1501272335366923
39,3686263,0.10672658687836048
40,3686264,0.13043578911590153
41,3686265,0.10172982238198473
42,3686266,0.34049148155196185
43,3686267,0.10654532793470842
44,3686268,0.10736709048505622
45,3686269,0.08409322548855623
46,3686270,0.3756440729813192
47,3686271,0.09873975243336597
48,3686272,0.0887333382244468
49,3686273,0.08359382824815147
50,3686274,0.14675721073717407
51,3686275,0.1271755737846656
52,3686276,0.18780690562576344
53,3686277,0.2735790837421162
54,3686278,0.587712811347896
55,3686279,0.5922120560021621
56,3686280,0.0838232392317874
57,3686281,0.10886940066220231
58,3686282,0.13360893103598145
59,3686283,0.1260751469604873
60,3686284,0.5768079496028471
61,3686285,0.20496127924896768
62,3686286,0.09598641144376152
63,3686287,0.1539315461971511
64,3686288,0.6735190798517524
65,3686289,0.387264389827361
66,3686290,0.398108058143814
67,3686291,0.08051165056259392
68,3686292,0.09246573121594612
69,3686293,0.5670668853117065
70,3686294,0.11528208014836262
71,3686295,0.1751890976301666
72,3686296,0.2841369765435355
73,3686297,0.07590363560368378
74,3686298,0.6066194835372809
75,3686299,0.10162777622039182
76,3686300,0.08886453749332061
77,3686301,0.5049857888742718
78,3686302,0.11650734457038207
79,3686303,0.07613505092561755
80,3686304,0.07393409370297017
81,3686305,0.11427700097096924
82,3686306,0.07837749623804018
83,3686307,0.3665513874490755
84,3686308,0.09246039119954036
85,3686309,0.15832986072530042
86,3686310,0.19160483480486457
87,3686311,0.2753611476918205
88,3686312,0.08839603683846009
89,3686313,0.1531942668532798
90,3686314,0.09196292258580653
91,3686315,0.33755342273344435
92,3686316,0.09664009493978486
93,3686317,0.19651694678393844
94,3686318,0.0981724567174458
95,3686319,0.16282991116570927
96,3686320,0.1700745344556541
97,3686321,0.07444403633537988
98,3686322,0.13119845276067407
99,3686323,0.10782862743511795
100,3686324,0.2581382542928455
101,3686325,0.08253307776298609
102,3686326,0.12646986214156247
103,3686327,0.4886724531088796
104,3686328,0.10295672763232921
105,3686329,0.0910535830089776
106,3686330,0.09527970735574905
107,3686331,0.08502040147148425
108,3686332,0.6617527283092164
109,3686333,0.25456510923301956
110,3686334,0.0908673578531151
111,3686335,0.09952322554129235
112,3686336,0.07548957651021769
113,3686337,0.5494111202420151
114,3686338,0.7141258790904721
115,3686339,0.14329386066203093
116,3686340,0.5995450197847981
117,3686341,0.10983375068800226
118,3686342,0.29857729344450384
119,3686343,0.08257373227872775
120,3686344,0.1807243094932853
121,3686345,0.16894868054267032
122,3686346,0.08545119082739484
123,3686347,0.1351327622266605
124,3686348,0.10882764099418651
125,3686349,0.07667169081159547
126,3686350,0.09433449242668514
127,3686351,0.11795510474987222
128,3686352,0.102349978534833
129,3686353,0.08778030756725114
130,3686354,0.12922228572040217
131,3686355,0.2576647213754985
132,3686356,0.10206283497449552
133,3686357,0.29356068780112704
134,3686358,0.08333048170323167
135,3686359,0.18053273497566574
136,3686360,0.2682430709544713
137,3686361,0.0761806518587123
138,3686362,0.11798163234626723
139,3686363,0.08856843966746784
140,3686364,0.2134862146192638
141,3686365,0.25749018529209255
142,3686366,0.2554252782494927
143,3686367,0.09129405683387287
144,3686368,0.1077127200685377
145,3686369,0.2613630257061761
146,3686370,0.11522085613911003
147,3686371,0.4253005880575547
148,3686372,0.0887947733782076
149,3686373,0.08704365872633528
150,3686374,0.07464717041922575
151,3686375,0.19605546644477573
152,3686376,0.08337920802477779
153,3686377,0.1466319369106569
154,3686378,0.269298026649526
155,3686379,0.41577919441274325
156,3686380,0.11080335247254451
157,3686381,0.08923255683757135
158,3686382,0.07431665148182344
159,3686383,0.08913794854644774
160,3686384,0.0827592106996923
161,3686385,0.1078568857849594
162,3686386,0.10616656170930072
163,3686387,0.09845873414960271
164,3686388,0.1534583095848296
165,3686389,0.15782295195486057
166,3686390,0.5581310240982658
167,3686391,0.2196681066177052
168,3686392,0.30023455057686105
169,3686393,0.08512276311829703
170,3686394,0.09286718524123426
171,3686395,0.20920936453717823
172,3686396,0.3682242668520334
173,3686397,0.17863609106370146
174,3686398,0.07596147389822046
175,3686399,0.152719129426349
176,3686400,0.09739113295141097
177,3686401,0.13228959041263866
178,3686402,0.1938975838503133
179,3686403,0.08490257259618758
180,3686404,0.09983860117339075
181,3686405,0.07722448112012296
182,3686406,0.08630745337032424
183,3686407,0.07543800804194327
184,3686408,0.09988941413567612
185,3686409,0.13750845999417163
186,3686410,0.07887985290570707
187,3686411,0.08127595618849674
188,3686412,0.09801543984523953
189,3686413,0.4098110515121522
190,3686414,0.18724985188329404
191,3686415,0.07823494793650143
192,3686416,0.07956126822080972
193,3686417,0.09112632210997247
194,3686418,0.28328491115446663
195,3686419,0.07912025489211509
196,3686420,0.13878136618771367
197,3686421,0.13032768796993807
198,3686422,0.07445467063599616
199,3686423,0.362541573418181
200,3686424,0.7169563590567987
201,3686425,0.2602547525166012
202,3686426,0.1321265042791201
203,3686427,0.18041518388040909
204,3686428,0.3910530939528296
205,3686429,0.0991255129734781
206,3686430,0.10506942002451708
207,3686431,0.20187299045084184
208,3686432,0.16334350667480418
209,3686433,0.12096847964383119
210,3686434,0.37687287389074625
211,3686435,0.166075343252451
212,3686436,0.08831042026747131
213,3686437,0.10824695437911923
214,3686438,0.09482919247270939
215,3686439,0.150181190936562
216,3686440,0.08349450405000504
217,3686441,0.12851492327047445
218,3686442,0.13762068014304946
219,3686443,0.3002817772650447
220,3686444,0.15428135761179834
221,3686445,0.1368449150386587
222,3686446,0.10682383855995013
223,3686447,0.6464020336500241
224,3686448,0.09108078951917016
225,3686449,0.5610160690548741
226,3686450,0.08771621254662502
227,3686451,0.11311457020290389
228,3686452,0.0993934242600278
229,3686453,0.23999023131032285
230,3686454,0.08679817095817377
231,3686455,0.11075633620075716
232,3686456,0.325453204162438
233,3686457,0.08669184406922882
234,3686458,0.11938768934148283
235,3686459,0.10363351289023559
236,3686460,0.09356774802462915
237,3686461,0.12466691397297831
238,3686462,0.2560225128592438
239,3686463,0.10434659356990492
240,3686464,0.11960973150165645
241,3686465,0.7716150044506195
242,3686466,0.13009873761516533
243,3686467,0.10872680170829369
244,3686468,0.078318424000328
245,3686469,0.0911905729843662
246,3686470,0.08328180621487839
247,3686471,0.07496474553613912
248,3686472,0.2991711949792259
249,3686473,0.08662133489888564
250,3686474,0.2389046045960509
251,3686475,0.09455307978772508
252,3686476,0.13135736352092947
253,3686477,0.09189169625994614
254,3686478,0.1552954199842276
255,3686479,0.09344693148061299
256,3686480,0.6849142868131898
257,3686481,0.09482246744800393
258,3686482,0.15058049160609024
259,3686483,0.10093225958645001
260,3686484,0.0834624243779023
261,3686485,0.07732098218542433
262,3686486,0.08868139432944695
263,3686487,0.45353598160240516
264,3686488,0.5441766323988017
265,3686489,0.09654604896323866
266,3686490,0.5797609440870206
267,3686491,0.5477144049341701
268,3686492,0.17639335504796774
269,3686493,0.11177316684196695
270,3686494,0.11147641732307657
271,3686495,0.17267789144704723
272,3686496,0.09930398751299163
273,3686497,0.07781823462713472
274,3686498,0.22009666797447877
275,3686499,0.13281972844178278
276,3686500,0.11218248863585475
277,3686501,0.6756031656875904
278,3686502,0.09778366870534942
279,3686503,0.24397588590485422
280,3686504,0.12579973678047943
281,3686505,0.20292458381500264
282,3686506,0.10967363999162504
283,3686507,0.10815511820253197
284,3686508,0.18304273726125922
285,3686509,0.15012958283365266
286,3686510,0.07602408902417328
287,3686511,0.15696238951414876
288,3686512,0.12875030723395917
289,3686513,0.22501066200704165
290,3686514,0.1513201463045717
291,3686515,0.4942534321631518
292,3686516,0.17495168088480412
293,3686517,0.08752923048890943
294,3686518,0.10475540158103053
295,3686519,0.18745173336350243
296,3686520,0.09990376781700659
297,3686521,0.6319792306565943
298,3686522,0.3901606062513192
299,3686523,0.15928839755504437
300,3686524,0.09835485085088931
301,3686525,0.07563404977382977
302,3686526,0.1473024760039425
303,3686527,0.18560527473237334
304,3686528,0.09101560495995607
305,3686529,0.6313444691792884
306,3686530,0.08405870129716746
307,3686531,0.12553787432439806
308,3686532,0.26061961056848393
309,3686533,0.17225530707203163
310,3686534,0.49414501225506363
311,3686535,0.21141457066919003
312,3686536,0.17660358388901104
313,3686537,0.38695594725165267
314,3686538,0.14819408044368038
315,3686539,0.3318745231722778
316,3686540,0.12924639973147561
317,3686541,0.1527817822427275
318,3686542,0.20824113902206354
319,3686543,0.34168519358326827
320,3686544,0.15009380633699324
321,3686545,0.6310267363019277
322,3686546,0.2783070993286121
323,3686547,0.26971239074064945
324,3686548,0.2645859876326694
325,3686549,0.0826230495200091
326,3686550,0.5382930006780925
327,3686551,0.1097008415540638
328,3686552,0.08099512142443319
329,3686553,0.07971667053030052
330,3686554,0.515414268198838
331,3686555,0.08656362881209147
332,3686556,0.21313714068964731
333,3686557,0.19390094293961216
334,3686558,0.37481420995881104
335,3686559,0.10674306871857193
336,3686560,0.10606622386242195
337,3686561,0.08034841621549672
338,3686562,0.07640175608421323
339,3686563,0.10065956148790302
340,3686564,0.090149013470589
341,3686565,0.5263087543221043
342,3686566,0.20500639820450256
343,3686567,0.08401208974114129
344,3686568,0.27257415688761
345,3686569,0.14520507483381367
346,3686570,0.23573334894140818
347,3686571,0.25142715884095196
348,3686572,0.07701304532813996
349,3686573,0.11540449615456529
350,3686574,0.08038947034046479
351,3686575,0.08490531915217392
352,3686576,0.3204859464812521
353,3686577,0.16144215037067133
354,3686578,0.09104159159109093
355,3686579,0.07719556607198659
356,3686580,0.19165221496993767
357,3686581,0.12956358069938706
358,3686582,0.46824336677305517
359,3686583,0.11642201787389767
360,3686584,0.5404761443320298
361,3686585,0.1416453248797146
362,3686586,0.12161331326157145
363,3686587,0.2518549508027919
364,3686588,0.45707059110310655
365,3686589,0.12838845784804007
366,3686590,0.43301718088040614
367,3686591,0.21471354860715336
368,3686592,0.08376996410482604
369,3686593,0.08179784315627094
370,3686594,0.11735878911768725
371,3686595,0.1049280571746612
372,3686596,0.09616959900896473
373,3686597,0.16817059756469968
374,3686598,0.17271440560640391
375,3686599,0.10718742410544614
376,3686600,0.13164100569265877
377,3686601,0.082786267848281
378,3686602,0.12552388491713173
379,3686603,0.43696982339241724
380,3686604,0.12380358414842471
381,3686605,0.08620926879618974
382,3686606,0.10952712137446834
383,3686607,0.12714233670738476
384,3686608,0.6139339024031422
385,3686609,0.11836259949583328
386,3686610,0.10354531471749137
387,3686611,0.07589580029599835
388,3686612,0.10795875313031904
389,3686613,0.6368442921836219
390,3686614,0.12915378189076474
391,3686615,0.12508942280529237
392,3686616,0.1494248147056334
393,3686617,0.1182992116759786
394,3686618,0.5118887511746227
395,3686619,0.47068988270567225
396,3686620,0.11214634956695627
397,3686621,0.4032430307037868
398,3686622,0.09034750993706663
399,3686623,0.37565239563637837
400,3686624,0.09919200893760322
401,3686625,0.07425248064257546
402,3686626,0.07724205049348501
403,3686627,0.1052027790593936
404,3686628,0.18202117729177078
405,3686629,0.13880689961321635
406,3686630,0.1605565852601262
407,3686631,0.3222783389765006
408,3686632,0.07729431393211109
409,3686633,0.07426123249413795
410,3686634,0.11919405529559547
411,3686635,0.10366262702413397
412,3686636,0.10362681401582056
413,3686637,0.10129898034069743
414,3686638,0.08912012550253517
415,3686639,0.21654860547825672
416,3686640,0.14975641130789372
417,3686641,0.12082289387564492
418,3686642,0.19431938899755588
419,3686643,0.09723390342298738
420,3686644,0.38523266220194574
421,3686645,0.13125864337629176
422,3686646,0.327169613685758
423,3686647,0.3855150034241476
424,3686648,0.488742841303124
425,3686649,0.11951562160670778
426,3686650,0.13086608828335028
427,3686651,0.08441702668764181
428,3686652,0.0899857755395217
429,3686653,0.33986745430792326
430,3686654,0.35068909041628177
431,3686655,0.4901837006869754
432,3686656,0.24253083566337844
433,3686657,0.1710906448033079
434,3686658,0.08774494552525154
435,3686659,0.6931531396423495
436,3686660,0.1311756128119616
437,3686661,0.12769004931130876
438,3686662,0.1908581226308188
439,3686663,0.07745410079418098
440,3686664,0.1745141644265712
441,3686665,0.460498628736053
442,3686666,0.16787876169322713
443,3686667,0.2631987610339274
444,3686668,0.09929032515422359
445,3686669,0.1125823041659261
446,3686670,0.13970356903826278
447,3686671,0.07586909512448874
448,3686672,0.09246724814009942
449,3686673,0.695097375486006
450,3686674,0.11781664410179447
451,3686675,0.08871729340862737
452,3686676,0.10372744239116846
453,3686677,0.09098080362226728
454,3686678,0.17624828505173812
455,3686679,0.35604100865118504
456,3686680,0.1109867817271208
457,3686681,0.19869841227429783
458,3686682,0.08512635274607921
459,3686683,0.5126422127293875
460,3686684,0.18242548493280025
461,3686685,0.5630427867817474
462,3686686,0.08764989057254727
463,3686687,0.23224648085377647
464,3686688,0.07462264705364684
465,3686689,0.07845732528818114
466,3686690,0.41075670987826585
467,3686691,0.07895000300621798
468,3686692,0.08072756150635244
469,3686693,0.09012897150359263
470,3686694,0.10685824574466585
471,3686695,0.5507817908735388
472,3686696,0.0911778518756829
473,3686697,0.09895439740883051
474,3686698,0.17604121066738648
475,3686699,0.20808752853881032
476,3686700,0.078391529456755
477,3686701,0.10910150478966943
478,3686702,0.11864191511425574
479,3686703,0.1455183646813875
480,3686704,0.409539762022544
481,3686705,0.2224262288318261
482,3686706,0.618313190036751
483,3686707,0.15200191352741796
484,3686708,0.1548873044894399
485,3686709,0.0896724613157711
486,3686710,0.07639721006068206
487,3686711,0.1306021617247669
488,3686712,0.12552388491713173
489,3686713,0.09900116209097941
490,3686714,0.23685737136927898
491,3686715,0.10479379023891976
492,3686716,0.0969146156547449
493,3686717,0.4552368553260961
494,3686718,0.0809911471490141
495,3686719,0.16865736053742178
496,3686720,0.10314615964751808
497,3686721,0.13649140165110546
498,3686722,0.22243170125528175
499,3686723,0.07548469107260738
500,3686724,0.08890509123115077
501,3686725,0.09024905766556407
502,3686726,0.11752734485970104
503,3686727,0.0851995624752966
504,3686728,0.14941448088656653
505,3686729,0.29032625809204576
506,3686730,0.08238205525674988
507,3686731,0.1844907171477685
508,3686732,0.11485611931121556
509,3686733,0.22161019501719229
510,3686734,0.20177712431405556
511,3686735,0.13265662337767453
512,3686736,0.6197379495479182
513,3686737,0.09405150290621514
514,3686738,0.07446929528990377
515,3686739,0.10344405479028981
516,3686740,0.08849685710851209
517,3686741,0.08690937505742054
518,3686742,0.15326647825172682
519,3686743,0.2026284123545202
520,3686744,0.07783374019784207
521,3686745,0.2460272000414992
522,3686746,0.10004468393856868
523,3686747,0.3008113779519333
524,3686748,0.16102488211189356
525,3686749,0.07824604871693605
526,3686750,0.6363115276382305
527,3686751,0.25424611795554386
528,3686752,0.4806870347571122
529,3686753,0.07982768066522464
530,3686754,0.09459578614399826
531,3686755,0.09457573653520347
532,3686756,0.362003848122975
533,3686757,0.2810978390653257
534,3686758,0.08168953023860157
535,3686759,0.6835922071955708
536,3686760,0.4133257670405343
537,3686761,0.11552762594624695
538,3686762,0.12312285143858441
539,3686763,0.4421294469575123
540,3686764,0.08272820416571323
541,3686765,0.09046488519064336
542,3686766,0.17587802971763397
543,3686767,0.33704403080588907
544,3686768,0.0742445653056443
545,3686769,0.13258003120222225
546,3686770,0.09955789577077773
547,3686771,0.07423491835344054
548,3686772,0.0925197748661854
549,3686773,0.16944154448239954
550,3686774,0.17467933666897095
551,3686775,0.3353648014433233
552,3686776,0.08160316034128705
553,3686777,0.13426745360826048
554,3686778,0.08325877490600189
555,3686779,0.11359922012307597
556,3686780,0.08344722074042171
557,3686781,0.49829280284926114
558,3686782,0.45203615912752704
559,3686783,0.27023827480414536
560,3686784,0.2436648835707785
561,3686785,0.08050155069251254
562,3686786,0.07597866645773019
563,3686787,0.10799503488861649
564,3686788,0.10483335331467358
565,3686789,0.10521214368658427
566,3686790,0.13040318641996348
567,3686791,0.07906480389082612
568,3686792,0.07880518198020246
569,3686793,0.1531410065327501
570,3686794,0.08696835838111291
571,3686795,0.07549605077061215
572,3686796,0.0782342277236316
573,3686797,0.10237422407634558
574,3686798,0.11450730844154336
575,3686799,0.13472787118440813
576,3686800,0.1690944330074396
577,3686801,0.0955399612590779
578,3686802,0.0826205640793752
579,3686803,0.19208377312490824
580,3686804,0.5366498004026539
581,3686805,0.11546375118387756
582,3686806,0.12177800376978662
583,3686807,0.10680594479353984
584,3686808,0.07423204142827457
585,3686809,0.0921230506440424
586,3686810,0.10970588497798524
587,3686811,0.11383328371959098
588,3686812,0.21462512490244573
589,3686813,0.07516934720960351
590,3686814,0.08377667970186138
591,3686815,0.09052832290146817
592,3686816,0.08849685710851209
593,3686817,0.6026929099515282
594,3686818,0.09003338819389332
595,3686819,0.17678463213887224
596,3686820,0.6845790156263079
597,3686821,0.09020603386001524
598,3686822,0.1980426565603541
599,3686823,0.081471526882354
600,3686824,0.12938072525531688
601,3686825,0.27428097418622327
602,3686826,0.10884078680697286
603,3686827,0.07440600757776213
604,3686828,0.311047407249566
605,3686829,0.07927636764559454
606,3686830,0.10961823899953442
607,3686831,0.2679121894774566
608,3686832,0.10733757210248335
609,3686833,0.09960754263760681
610,3686834,0.5590639632853058
611,3686835,0.08257373227872775
612,3686836,0.1080964067389638
613,3686837,0.23974886313121427
614,3686838,0.10782245189564496
615,3686839,0.25758208687130746
616,3686840,0.1453856910735621
617,3686841,0.3029741599542636
618,3686842,0.07677093579719817
619,3686843,0.10927112279051387
620,3686844,0.0856549119090166
621,3686845,0.1141659367531795
622,3686846,0.1320499656403319
623,3686847,0.13447708835870575
624,3686848,0.10868156443763477
625,3686849,0.17335291690199053
626,3686850,0.13940868044671428
627,3686851,0.08452278044191426
628,3686852,0.45456046136273964
629,3686853,0.23464479178799033
630,3686854,0.12411604826605216
631,3686855,0.08823575539314264
632,3686856,0.20255377145296477
633,3686857,0.7205999910995584
634,3686858,0.07979182773075363
635,3686859,0.11462850332122985
636,3686860,0.09234786079202682
637,3686861,0.2150316756378596
638,3686862,0.26717819032557527
639,3686863,0.122111154927476
640,3686864,0.09178197329079324
641,3686865,0.2634832414492492
642,3686866,0.12003142954997159
643,3686867,0.16476153691899645
644,3686868,0.2442475878355064
645,3686869,0.12710817442671937
646,3686870,0.09943180510925208
647,3686871,0.3051204430697322
648,3686872,0.15540466510638995
649,3686873,0.2330944091200276
650,3686874,0.1135319961394591
651,3686875,0.5060191047666336
652,3686876,0.16504230517928967
653,3686877,0.5911751015808896
654,3686878,0.6110273713419923
655,3686879,0.07477596820407605
656,3686880,0.4499235914610463
657,3686881,0.10411067508533589
658,3686882,0.14902834574100413
659,3686883,0.17207390500929082
660,3686884,0.08149624595786126
661,3686885,0.09313525767369381
662,3686886,0.5263300476195091
663,3686887,0.07450549401277018
664,3686888,0.18068093517160358
665,3686889,0.6092280163403986
666,3686890,0.10342228869654908
667,3686891,0.08439398813667663
668,3686892,0.22745749180894886
669,3686893,0.16714531539955263
670,3686894,0.08469161350675787
671,3686895,0.26723556990141084
672,3686896,0.7403244886676267
673,3686897,0.4130382622732652
674,3686898,0.18870942466253812
675,3686899,0.08921945838812596
676,3686900,0.08256573518920966
677,3686901,0.09586234798432068
678,3686902,0.37592584021866027
679,3686903,0.0756341640937929
680,3686904,0.5030831805061413
681,3686905,0.16144590387890023
682,3686906,0.08983058011382963
683,3686907,0.17739972317575503
684,3686908,0.12755053041090908
685,3686909,0.14550517793742035
686,3686910,0.10072171463476427
687,3686911,0.3431829438219099
688,3686912,0.1100513962386591
689,3686913,0.07641801120574844
690,3686914,0.07833375644277464
691,3686915,0.2108042125132351
692,3686916,0.33420781708756003
693,3686917,0.09162103432480874
694,3686918,0.2920857337696049
695,3686919,0.08937420008183845
696,3686920,0.10193253027628467
697,3686921,0.09032160952853671
698,3686922,0.2356957651526013
699,3686923,0.09270648877287496
700,3686924,0.1893604829718914
701,3686925,0.09279096782274428
702,3686926,0.14998258945426837
703,3686927,0.07468813609653083
704,3686928,0.2771038698644192
705,3686929,0.29474834049656673
706,3686930,0.5627345896578305
707,3686931,0.24931437870748155
708,3686932,0.22880109484089922
709,3686933,0.11706321021189851
710,3686934,0.07530808105271958
711,3686935,0.3691578607979642
712,3686936,0.1470626577404041
713,3686937,0.3826205573902998
714,3686938,0.0874232493161655
715,3686939,0.09279682845980136
716,3686940,0.19203695604017917
717,3686941,0.08795798012644604
718,3686942,0.08905417128746577
719,3686943,0.26043738408013345
720,3686944,0.1522295222353391
721,3686945,0.08131871221565716
722,3686946,0.1781436928350413
723,3686947,0.2247947643153915
724,3686948,0.10461906508244279
725,3686949,0.1708373592596119
726,3686950,0.07434644004582781
727,3686951,0.1729217056880244
728,3686952,0.1021542137244001
729,3686953,0.08419483272279432
730,3686954,0.08954881012543159
731,3686955,0.07514300733714732
732,3686956,0.4209742580780205
733,3686957,0.10382366224492197
734,3686958,0.38958812833065853
735,3686959,0.13115749244338995
736,3686960,0.22868558455833016
737,3686961,0.18037719440959302
738,3686962,0.1613090432563487
739,3686963,0.15102742835858696
740,3686964,0.13955513202360642
741,3686965,0.11327368309751631
742,3686966,0.1188804908657791
743,3686967,0.36306375869170776
744,3686968,0.08210450981403408
745,3686969,0.12565230414020256
746,3686970,0.14122505866744597
747,3686971,0.12675174127240388
748,3686972,0.07636129750424142
749,3686973,0.09197307683420324
750,3686974,0.11549878094187953
751,3686975,0.09514654057822979
752,3686976,0.13924535642581073
753,3686977,0.09245190969406746
754,3686978,0.31166270323390965
755,3686979,0.08512717033370842
756,3686980,0.10458626236272105
757,3686981,0.1508904217477421
758,3686982,0.13086565028071157
759,3686983,0.08648526450676776
760,3686984,0.29334090665054036
761,3686985,0.10283646754502902
762,3686986,0.09774438875941073
763,3686987,0.2191252889583942
764,3686988,0.0909605529371003
765,3686989,0.14292246291662364
766,3686990,0.1672688087789605
767,3686991,0.387312290269341
768,3686992,0.20911358795796758
769,3686993,0.07326569759373856
770,3686994,0.25246060717142954
771,3686995,0.11804117515003104
772,3686996,0.21794576476545763
773,3686997,0.5842949925874664
774,3686998,0.5603988628088614
775,3686999,0.15491557925946872
776,3687000,0.07465595409451842
777,3687001,0.2099011215739655
778,3687002,0.5766025667661313
779,3687003,0.40271224429472907
780,3687004,0.0827905526736714
781,3687005,0.5896954791524209
782,3687006,0.12803444738197786
783,3687007,0.2568942417140048
784,3687008,0.1216371015615407
785,3687009,0.09891600659302895
786,3687010,0.37473026627981576
787,3687011,0.08257442701563053
788,3687012,0.07976466585141226
789,3687013,0.1093988934322108
790,3687014,0.10858016239727182
791,3687015,0.08487393557712615
792,3687016,0.13811504104587838
793,3687017,0.18093336095531024
794,3687018,0.13408031284614283
795,3687019,0.09056887598179238
796,3687020,0.10361012017762583
797,3687021,0.08740069048677257
798,3687022,0.23156188031838126
799,3687023,0.1354841709948221
800,3687024,0.10284233425234725
801,3687025,0.09250145963033415
802,3687026,0.09310024981602115
803,3687027,0.08952082683262494
804,3687028,0.3597129425670975
805,3687029,0.0997989412192461
806,3687030,0.5443317219689366
807,3687031,0.21036799696955244
808,3687032,0.11483271619569696
809,3687033,0.6110714517538217
810,3687034,0.07411345806559864
811,3687035,0.09617804214855125
812,3687036,0.09986460188517614
813,3687037,0.07658110639515665
814,3687038,0.36077304412232564
815,3687039,0.4703365825545897
816,3687040,0.1742277390445559
817,3687041,0.2437494968734252
818,3687042,0.07488630096141503
819,3687043,0.10995732744300535
820,3687044,0.10492393788031974
821,3687045,0.5803943826244528
822,3687046,0.3524463091535003
823,3687047,0.07758232558154265
824,3687048,0.08466209073801916
825,3687049,0.6962781340797624
826,3687050,0.11130030903083629
827,3687051,0.10956044124777838
828,3687052,0.11191479965238188
829,3687053,0.1467986806720566
830,3687054,0.1848323774862445
831,3687055,0.08947488805290997
832,3687056,0.13237067918019793
833,3687057,0.25933825577222497
834,3687058,0.14242280468638682
835,3687059,0.23303801498205046
836,3687060,0.16231560477607973
837,3687061,0.07603871415539037
838,3687062,0.14671812014217478
839,3687063,0.07659781024162712
840,3687064,0.12467517111529988
841,3687065,0.08211464639398225
842,3687066,0.10596962857491873
843,3687067,0.08917273896330012
844,3687068,0.10787525679898771
845,3687069,0.20916229852424528
846,3687070,0.5521354358214038
847,3687071,0.711175106444333
848,3687072,0.1972498049212381
849,3687073,0.11751727047241357
850,3687074,0.33604877880927647
851,3687075,0.08739324863523698
852,3687076,0.21868019234073724
853,3687077,0.08295367831214465
854,3687078,0.7576677146851365
855,3687079,0.11482574498477756
856,3687080,0.5430911833834913
857,3687081,0.21758645901440218
858,3687082,0.4565054848001178
859,3687083,0.09999771890265645
860,3687084,0.09176389357913904
861,3687085,0.12937299289227605
862,3687086,0.1289178686931303
863,3687087,0.07315180609959698
864,3687088,0.09400889193270873
865,3687089,0.1335527421343816
866,3687090,0.083339595328301
867,3687091,0.07909806567400372
868,3687092,0.1416901163826819
869,3687093,0.08632545238186771
870,3687094,0.25057464468369406
871,3687095,0.1458049311469546
872,3687096,0.22010346072739462
873,3687097,0.13495911346459083
874,3687098,0.7466893868190919
875,3687099,0.18409350767388133
876,3687100,0.13458961419457055
877,3687101,0.0910087989485826
878,3687102,0.09613533867903153
879,3687103,0.09149960252881764
880,3687104,0.1395289885159422
881,3687105,0.12384758204255077
882,3687106,0.39838450905136097
883,3687107,0.1161735635383797
884,3687108,0.08844106220692043
885,3687109,0.095364252744829
886,3687110,0.19549662242135835
887,3687111,0.43682654078198574
888,3687112,0.43246698393138217
889,3687113,0.08885119892712556
890,3687114,0.08490092849894737
891,3687115,0.10219782753443918
892,3687116,0.23960826673424843
893,3687117,0.08632696447172118
894,3687118,0.6387562643683344
895,3687119,0.10242061796374001
896,3687120,0.18988595792334295
897,3687121,0.39068500715850923
898,3687122,0.20166178744312263
899,3687123,0.16803952466660277
900,3687124,0.09287109218163613
901,3687125,0.21979468743368083
902,3687126,0.0838748295982558
903,3687127,0.08408927008813911
904,3687128,0.25030157165505795
905,3687129,0.07673634652488498
906,3687130,0.12921792537216445
907,3687131,0.5163437419897325
908,3687132,0.10844476310391686
909,3687133,0.08712922015388609
910,3687134,0.11502489379830602
911,3687135,0.0844587521115837
912,3687136,0.27716842426251415
913,3687137,0.10538521981840696
914,3687138,0.15128148611750747
915,3687139,0.09084542042994873
916,3687140,0.11385454440674646
917,3687141,0.0971613609251664
918,3687142,0.5801127678705567
919,3687143,0.10185235846311708
920,3687144,0.09779873621516531
921,3687145,0.09727200135962227
922,3687146,0.32919180089812294
923,3687147,0.1492935110207796
924,3687148,0.13950927815026065
925,3687149,0.09003557133651358
926,3687150,0.21227951200645773
927,3687151,0.22247755907747982
928,3687152,0.12207057793144276
929,3687153,0.10048877829105254
930,3687154,0.0845882035457654
931,3687155,0.2460880784438464
932,3687156,0.5773813879354545
933,3687157,0.2801361481286494
934,3687158,0.4849920275107692
935,3687159,0.1246496365460983
936,3687160,0.1839175613938538
937,3687161,0.4081866131601481
938,3687162,0.0794255995537232
939,3687163,0.37505473535609807
940,3687164,0.11619993187335695
941,3687165,0.0762656131550146
942,3687166,0.07494596294914059
943,3687167,0.11477144380276731
944,3687168,0.6346794720029058
945,3687169,0.11067579427740422
946,3687170,0.10728327931131723
947,3687171,0.08199474515008223
948,3687172,0.10202784840208205
949,3687173,0.4362227612770713
950,3687174,0.09146346874486805
951,3687175,0.12388303146290139
952,3687176,0.08935560260084205
953,3687177,0.18942916066317966
954,3687178,0.44624680671066747
955,3687179,0.10875163319489646
956,3687180,0.10362179932691645
957,3687181,0.576378922967984
958,3687182,0.1727204096434186
959,3687183,0.08433394836147175
960,3687184,0.15367935218467563
961,3687185,0.08712775009313631
962,3687186,0.0906606018492446
963,3687187,0.09536387450973144
964,3687188,0.3516305825060014
965,3687189,0.11823684092403444
966,3687190,0.09026295660965336
967,3687191,0.08573946015622692
968,3687192,0.22883171023909246
969,3687193,0.26678121707705693
970,3687194,0.07500727042217668
971,3687195,0.20118966562596982
972,3687196,0.1526731459217221
973,3687197,0.08059434301286603
974,3687198,0.6582817859945673
975,3687199,0.13336302724306898
976,3687200,0.4248532035840655
977,3687201,0.09973078767677604
978,3687202,0.09188984930090953
979,3687203,0.07656028905117689
980,3687204,0.10432561587188141
981,3687205,0.35253593563686597
982,3687206,0.0872505307332473
983,3687207,0.3055570169713764
984,3687208,0.0858716324957119
985,3687209,0.17575601078746966
986,3687210,0.1354761454140837
987,3687211,0.1087210070175086
988,3687212,0.4477437497726558
989,3687213,0.2555892577506183
990,3687214,0.6485866773443224
991,3687215,0.642948754497719
992,3687216,0.3471057172153974
993,3687217,0.331084065025782
994,3687218,0.5916160764259664
995,3687219,0.1382316371030395
996,3687220,0.1270448395569252
997,3687221,0.11110410964636543
998,3687222,0.09239525677017224
999,3687223,0.5683701521855765
1000,3687224,0.27557703679587403
1001,3687225,0.10150583195522725
1002,3687226,0.07930054936158258
1003,3687227,0.383221975805687
1004,3687228,0.38908979367409663
1005,3687229,0.10678359331734705
1006,3687230,0.0837047644192817
1007,3687231,0.16340662377788465
1008,3687232,0.08608351313291321
1009,3687233,0.09104383561530927
1010,3687234,0.2357997948828965
1011,3687235,0.10522460823916215
1012,3687236,0.18694698142364602
1013,3687237,0.16158647522096906
1014,3687238,0.2887607433472621
1015,3687239,0.10038470398730452
1016,3687240,0.10834017804908622
1017,3687241,0.08028808870253933
1018,3687242,0.11350044740734849
1019,3687243,0.08854540550087941
1020,3687244,0.6712682035199603
1021,3687245,0.14930051662947016
1022,3687246,0.38792358882585487
1023,3687247,0.10973485678564593
1024,3687248,0.08565375138628373
1025,3687249,0.21826914069882983
1026,3687250,0.24526877790690724
1027,3687251,0.09892698978503336
1028,3687252,0.1439179671671412
1029,3687253,0.08021710928244007
1030,3687254,0.2664550005039328
1031,3687255,0.10387205185984108
1032,3687256,0.07928963711923812
1033,3687257,0.21657114387733414
1034,3687258,0.2291695832946066
1035,3687259,0.07574539027810112
1036,3687260,0.10329885266552118
1037,3687261,0.5365472524824519
1038,3687262,0.08882259367756751
1039,3687263,0.08751609622268754
1040,3687264,0.08146865408590424
1041,3687265,0.3435788115500497
1042,3687266,0.5208253139375252
1043,3687267,0.15737972472970282
1044,3687268,0.4018606092068065
1045,3687269,0.10354374898439098
1046,3687270,0.11539629589467135
1047,3687271,0.17535563913174868
1048,3687272,0.30927722002340324
1049,3687273,0.27911097102467763
1050,3687274,0.11826112166600666
1051,3687275,0.08592887695231889
1052,3687276,0.10018908313874028
1053,3687277,0.15752097465510714
1054,3687278,0.14092425942278272
1055,3687279,0.1045558133544274
1056,3687280,0.07506041632970595
1057,3687281,0.08759310298549962
1058,3687282,0.12401756561433394
1059,3687283,0.07993640959535267
1060,3687284,0.08499610008196222
1061,3687285,0.5818501975995187
1062,3687286,0.10474091815079856
1063,3687287,0.07488569117322896
1064,3687288,0.09040823606885916
1065,3687289,0.27791921603866965
1066,3687290,0.11097949125314943
1067,3687291,0.12447907776692224
1068,3687292,0.10496004529658128
1069,3687293,0.11260671565973372
1070,3687294,0.27964129293184947
1071,3687295,0.08582766921486153
1072,3687296,0.3205409897808049
1073,3687297,0.0909964498129421
1074,3687298,0.1318326928107758
1075,3687299,0.27948595101363005
1076,3687300,0.1565559949711918
1077,3687301,0.10392541472878213
1078,3687302,0.09226047796577944
1079,3687303,0.20178898923981636
1080,3687304,0.09030252690378422
1081,3687305,0.15463792550298153
1082,3687306,0.08498716519132049
1083,3687307,0.14104275560132684
1084,3687308,0.10711756097149065
1085,3687309,0.5676863763161718
1086,3687310,0.09348193032097757
1087,3687311,0.24389240753138533
1088,3687312,0.4252353420915285
1089,3687313,0.28570738366294746
1090,3687314,0.13708280124501235
1091,3687315,0.14167425658614438
1092,3687316,0.08471323771332358
1093,3687317,0.18960100673554145
1094,3687318,0.12999040595708
1095,3687319,0.153660198338848
1096,3687320,0.6433576547294534
1097,3687321,0.07720372819698705
1098,3687322,0.0940230252346383
1099,3687323,0.20104440335481255
1100,3687324,0.2611522456138299
1101,3687325,0.46886726681053875
1102,3687326,0.0948363699760324
1103,3687327,0.1781081092179476
1104,3687328,0.11866950999099186
1105,3687329,0.1782755004997261
1106,3687330,0.11613773872069394
1107,3687331,0.08438387509641149
1108,3687332,0.2002346844677537
1109,3687333,0.21102996204199953
1110,3687334,0.33159450742274815
1111,3687335,0.13494059862918523
1112,3687336,0.07656043856711335
1113,3687337,0.07823785707582034
1114,3687338,0.09180129913867018
1115,3687339,0.11143047103796348
1116,3687340,0.1526883244643862
1117,3687341,0.24738809374492998
1118,3687342,0.30645941860065257
1119,3687343,0.08386192327045562
1120,3687344,0.08891940693757745
1121,3687345,0.10522209762574437
1122,3687346,0.6558458231194202
1123,3687347,0.1410716384398087
1124,3687348,0.07634936414570496
1125,3687349,0.10207479156529933
1126,3687350,0.15622392218497128
1127,3687351,0.5559027430738961
1128,3687352,0.47204320365288027
1129,3687353,0.5162377627241493
1130,3687354,0.09538014972233988
1131,3687355,0.4461806571294926
1132,3687356,0.07463191049100028
1133,3687357,0.19863017945785935
1134,3687358,0.4057236071465964
1135,3687359,0.3266111407851497
1136,3687360,0.26219677715089224
1137,3687361,0.09802732795631924
1138,3687362,0.07872764668469813
1139,3687363,0.07358223289597232
1140,3687364,0.08689092760117365
1141,3687365,0.15430945582607536
1142,3687366,0.5506642543567084
1143,3687367,0.18898923194279982
1144,3687368,0.07353513497812275
1145,3687369,0.166362554228476
1146,3687370,0.10837202458365602
1147,3687371,0.3082901920885823
1148,3687372,0.18105234788278624
1149,3687373,0.09283516216291866
1150,3687374,0.1582267796253623
1151,3687375,0.14025545430694444
1152,3687376,0.39471452726291306
1153,3687377,0.07438738923559708
1154,3687378,0.24753454539243772
1155,3687379,0.09484321814304227
1156,3687380,0.09350814703869385
1157,3687381,0.24803217548632403
1158,3687382,0.08471119981425418
1159,3687383,0.0857738266861593
1160,3687384,0.13612621397108376
1161,3687385,0.12743770874236063
1162,3687386,0.10010432015584157
1163,3687387,0.07866806080699601
1164,3687388,0.07426356427244989
1165,3687389,0.0976438277040368
1166,3687390,0.07943293925893367
1167,3687391,0.7231310757127868
1168,3687392,0.22399404560063046
1169,3687393,0.07422480613198477
1170,3687394,0.14126318803522145
1171,3687395,0.09458216493136867
1172,3687396,0.08305805113503752
1173,3687397,0.1085401053421367
1174,3687398,0.17406682818823627
1175,3687399,0.22451584532377206
1176,3687400,0.3556738207911821
1177,3687401,0.10711274245030664
1178,3687402,0.30364325939124415
1179,3687403,0.4875250010002043
1180,3687404,0.13596012900393742
1181,3687405,0.09114711017935073
1182,3687406,0.4428496816230996
1183,3687407,0.08685686631228948
1184,3687408,0.41396009072082024
1185,3687409,0.10280250193628913
1186,3687410,0.5709961610110053
1187,3687411,0.44195361687228163
1188,3687412,0.6208339017683491
1189,3687413,0.18810311703056237
1190,3687414,0.14988948664197152
1191,3687415,0.15979432922842646
1192,3687416,0.11960632720417518
1193,3687417,0.08379610193381577
1194,3687418,0.07613336633492841
1195,3687419,0.11935395585994833
1196,3687420,0.07622233707559714
1197,3687421,0.12922868536007165
1198,3687422,0.13465097610484142
1199,3687423,0.3190398673839444
1200,3687424,0.10717054753210407
1201,3687425,0.08284704070466145
1202,3687426,0.674862375729619
1203,3687427,0.5847017538619805
1204,3687428,0.3567485079744721
1205,3687429,0.07734097584843254
1206,3687430,0.6760001753693125
1207,3687431,0.09499155981839871
1208,3687432,0.15489969619447894
1209,3687433,0.0934646690738469
1210,3687434,0.318751882374696
1211,3687435,0.10646932748934027
1212,3687436,0.08594354905368684
1213,3687437,0.08532752925911548
1214,3687438,0.12175323215698935
1215,3687439,0.33895959428741135
1216,3687440,0.07379149544224156
1217,3687441,0.1074395355227054
1218,3687442,0.0769410986174889
1219,3687443,0.12630063201165445
1220,3687444,0.22263982145023448
1221,3687445,0.23307237059175515
1222,3687446,0.2038584179203691
1223,3687447,0.2980918923577338
1224,3687448,0.13589706429048298
1225,3687449,0.09305614714446704
1226,3687450,0.17496181116093762
1227,3687451,0.08948239089603678
1228,3687452,0.10896126661010651
1229,3687453,0.0962000692509518
1230,3687454,0.09912161920294242
1231,3687455,0.08408927008813911
1232,3687456,0.07587861436712956
1233,3687457,0.07735822310677225
1234,3687458,0.1063455645033255
1235,3687459,0.08225126918757467
1236,3687460,0.07876561762770865
1237,3687461,0.13762218755076583
1238,3687462,0.08252058637119848
1239,3687463,0.11812561990686532
1240,3687464,0.12470439658406927
1241,3687465,0.23894070265435072
1242,3687466,0.4511936768508055
1243,3687467,0.1929842395222896
1244,3687468,0.1039212378512235
1245,3687469,0.17845244460140725
1246,3687470,0.1176277618585244
1247,3687471,0.13578694886021614
1248,3687472,0.08170340699714591
1249,3687473,0.2481459233069002
1250,3687474,0.09661903435611588
1251,3687475,0.08471523664554842
1252,3687476,0.09461931742734944
1253,3687477,0.15342808535529096
1254,3687478,0.07506276871184304
1255,3687479,0.1542272397348271
1256,3687480,0.4141365042582135
1257,3687481,0.13708109127594956
1258,3687482,0.09745745577497551
1259,3687483,0.15708749914792156
1260,3687484,0.0945362106326121
1261,3687485,0.11953581388661429
1262,3687486,0.10243363857995674
1263,3687487,0.1630823166989659
1264,3687488,0.20372284051750197
1265,3687489,0.5375726723999716
1266,3687490,0.11183206155858838
1267,3687491,0.49041571471897766
1268,3687492,0.08445358408923644
1269,3687493,0.09145415620732908
1270,3687494,0.08514936498156322
1271,3687495,0.36039424157409605
1272,3687496,0.09056713787229898
1273,3687497,0.47597582672688965
1274,3687498,0.1898744965763243
1275,3687499,0.0775098098780328
1276,3687500,0.23456795656015525
1277,3687501,0.21218625283395384
1278,3687502,0.08599192827655956
1279,3687503,0.29284426611601416
1280,3687504,0.08618582015074897
1281,3687505,0.1524636921123131
1282,3687506,0.1592375627537925
1283,3687507,0.09289344829123636
1284,3687508,0.6282306982361452
1285,3687509,0.07593094340362068
1286,3687510,0.2732503264209723
1287,3687511,0.11963263844586788
1288,3687512,0.16334406268498747
1289,3687513,0.0743268456459534
1290,3687514,0.10969272778746586
1291,3687515,0.08516390699846636
1292,3687516,0.09422169204888398
1293,3687517,0.08015086394104128
1294,3687518,0.09822051908335357
1295,3687519,0.09599217402271719
1296,3687520,0.18121521495495851
1297,3687521,0.09949167777596377
1298,3687522,0.4821728273385053
1299,3687523,0.13990516732627853
1300,3687524,0.13784769959061777
1301,3687525,0.1141842758235248
1302,3687526,0.3103346423907192
1303,3687527,0.14648699755055988
1304,3687528,0.08418012860204994
1305,3687529,0.0944516358742001
1306,3687530,0.24627845140777402
1307,3687531,0.13278462266788388
1308,3687532,0.13971070901805846
1309,3687533,0.23357046625855957
1310,3687534,0.1198436503678911
1311,3687535,0.13134122447115812
1312,3687536,0.07544058905640659
1313,3687537,0.07768211655326672
1314,3687538,0.46034863443314283
1315,3687539,0.10243849661017221
1316,3687540,0.19703421679323554
1317,3687541,0.16811390931101464
1318,3687542,0.08634633410828785
1319,3687543,0.2646785312391467
1320,3687544,0.1344123021960912
1321,3687545,0.10704289234259712
1322,3687546,0.09837167317378483
1323,3687547,0.17248480433904986
1324,3687548,0.1164205155960776
1325,3687549,0.07621780826215717
1326,3687550,0.47266110511356096
1327,3687551,0.34135714386697896
1328,3687552,0.16784609155593433
1329,3687553,0.07813073839222055
1330,3687554,0.6246304843511865
1331,3687555,0.5286339984654246
1332,3687556,0.16789353161407086
1333,3687557,0.08697763265464792
1334,3687558,0.08269064538974205
1335,3687559,0.09383001694133625
1336,3687560,0.08894106716287198
1337,3687561,0.10867115306519087
1338,3687562,0.07947911557503784
1339,3687563,0.07894520684460035
1340,3687564,0.40389232853689305
1341,3687565,0.6557115663968446
1342,3687566,0.08909431815283807
1343,3687567,0.19180989066770945
1344,3687568,0.25354611141880207
1345,3687569,0.27810086602679424
1346,3687570,0.10782612485476797
1347,3687571,0.6423454094611396
1348,3687572,0.3050748634432237
1349,3687573,0.07685544179887957
1350,3687574,0.10358055049423784
1351,3687575,0.19304270214170494
1352,3687576,0.07993023687039222
1353,3687577,0.07503236341198126
1354,3687578,0.08702083178679362
1355,3687579,0.07389578756254746
1356,3687580,0.6103355439041199
1357,3687581,0.20772989117036256
1358,3687582,0.07523174683373428
1359,3687583,0.11877527710517927
1360,3687584,0.0755022967613055
1361,3687585,0.5430573960124049
1362,3687586,0.13602619761526966
1363,3687587,0.17603924949523736
1364,3687588,0.3761185960219563
1365,3687589,0.37877501110460504
1366,3687590,0.07735881380033952
1367,3687591,0.13394289300597448
1368,3687592,0.14917701732596492
1369,3687593,0.24672134990830336
1370,3687594,0.2283504230231315
1371,3687595,0.08406617743244267
1372,3687596,0.19693691474787106
1373,3687597,0.09015357071313564
1374,3687598,0.11515008875901311
1375,3687599,0.08059434301286603
1376,3687600,0.10921302508103958
1377,3687601,0.48510647420420505
1378,3687602,0.07653207636251481
1379,3687603,0.2177370682494138
1380,3687604,0.11826073450311786
1381,3687605,0.08277550963972119
1382,3687606,0.10120234211279378
1383,3687607,0.08840300983079187
1384,3687608,0.09045781990919327
1385,3687609,0.2776048342807625
1386,3687610,0.18090291639500763
1387,3687611,0.10856624385193331
1388,3687612,0.11700350755261688
1389,3687613,0.13340154757700923
1390,3687614,0.09317288412853088
1391,3687615,0.2551001393654164
1392,3687616,0.1913750853420591
1393,3687617,0.126194957745814
1394,3687618,0.08330874953489033
1395,3687619,0.08992194926101146
1396,3687620,0.07640360812254134
1397,3687621,0.2007926191094321
1398,3687622,0.07682686735364187
1399,3687623,0.3335144891977052
1400,3687624,0.1355352489113528
1401,3687625,0.25471550142513527
1402,3687626,0.38625014943666913
1403,3687627,0.12028183710642783
1404,3687628,0.10993223517819305
1405,3687629,0.10153757334253023
1406,3687630,0.23947432392523613
1407,3687631,0.4951008979180747
1408,3687632,0.14067018087668753
1409,3687633,0.11232138464906882
1410,3687634,0.2859090029996618
1411,3687635,0.08084678162787819
1412,3687636,0.08274245596045875
1413,3687637,0.11252272758929026
1414,3687638,0.151714781366612
1415,3687639,0.7038554607735789
1416,3687640,0.6032372878891873
1417,3687641,0.7276616576719968
1418,3687642,0.09118531130336413
1419,3687643,0.30786784308048426
1420,3687644,0.30396894801373797
1421,3687645,0.07585187456906378
1422,3687646,0.09540594471340227
1423,3687647,0.26597414678703674
1424,3687648,0.15272888887734604
1425,3687649,0.4959407610518635
1426,3687650,0.09319515795895864
1427,3687651,0.5073606534311218
1428,3687652,0.4515631420512785
1429,3687653,0.386777065713837
1430,3687654,0.10060093534026725
1431,3687655,0.14639813670334267
1432,3687656,0.5963929020082656
1433,3687657,0.08060127168764868
1434,3687658,0.3837406724614519
1435,3687659,0.10444074780620863
1436,3687660,0.16808397793367533
1437,3687661,0.07370986013459974
1438,3687662,0.24186986045836373
1439,3687663,0.17730682755673222
1440,3687664,0.5565489467920295
1441,3687665,0.10686917469764784
1442,3687666,0.09731052748322698
1443,3687667,0.09433361086208526
1444,3687668,0.12379985828805436
1445,3687669,0.08820099652441267
1446,3687670,0.09291365006582436
1447,3687671,0.07488024039147993
1448,3687672,0.1647726161033284
1449,3687673,0.4823469201868583
1450,3687674,0.11160453256243609
1451,3687675,0.15795844524720187
1452,3687676,0.0937433391536416
1453,3687677,0.08735222571831268
1454,3687678,0.217094801417703
1455,3687679,0.4712105232545236
1456,3687680,0.10294353638749935
1457,3687681,0.2084373225072997
1458,3687682,0.08753924907653557
1459,3687683,0.6056032918955387
1460,3687684,0.1730823268493277
1461,3687685,0.291542008070621
1462,3687686,0.17137617156543877
1463,3687687,0.2857537476755337
1464,3687688,0.4364510777649569
1465,3687689,0.697429228428867
1466,3687690,0.09941621544991208
1467,3687691,0.2356884011290047
1468,3687692,0.6142062438819467
1469,3687693,0.12685567647711948
1470,3687694,0.09808309684304764
1471,3687695,0.548953510455521
1472,3687696,0.13009014540500835
1473,3687697,0.208804593174867
1474,3687698,0.13187673125502847
1475,3687699,0.07793295144627517
1476,3687700,0.2767099629379569
1477,3687701,0.09361997625462405
1478,3687702,0.07267718146063618
1479,3687703,0.14469340542289297
1480,3687704,0.08596893839930185
1481,3687705,0.08344399779305979
1482,3687706,0.0871746038207931
1483,3687707,0.1750387451659261
1484,3687708,0.3338806797452567
1485,3687709,0.09026083142096591
1486,3687710,0.07360013716544682
1487,3687711,0.08217522051558843
1488,3687712,0.19180658716793955
1489,3687713,0.09942391058283832
1490,3687714,0.10675807850987987
1491,3687715,0.128632399319974
1492,3687716,0.09406587037427583
1493,3687717,0.07614506161952413
1494,3687718,0.07734228071807828
1495,3687719,0.3915177248567515
1496,3687720,0.15399606468935834
1497,3687721,0.14042877703599901
1498,3687722,0.09404373962777612
1499,3687723,0.11472936942288378
1500,3687724,0.3082525315619635
1501,3687725,0.07822048948184782
1502,3687726,0.07848779213573112
1503,3687727,0.3143238611207557
1504,3687728,0.1068221402072319
1505,3687729,0.0772729430478586
1506,3687730,0.08183830456618492
1507,3687731,0.199308158193496
1508,3687732,0.10890702024313206
1509,3687733,0.11308218338931456
1510,3687734,0.22020007794723853
1511,3687735,0.15903785582159208
1512,3687736,0.37779389747432957
1513,3687737,0.15438872828915842
1514,3687738,0.4251623688458881
1515,3687739,0.10514112789444943
1516,3687740,0.3144738127451132
1517,3687741,0.12806682415773676
1518,3687742,0.09207618244635944
1519,3687743,0.167597806807927
1520,3687744,0.0972007366969292
1521,3687745,0.11609445517218471
1522,3687746,0.18533249171895275
1523,3687747,0.09323087230094403
1524,3687748,0.16137588684907214
1525,3687749,0.6816551019700784
1526,3687750,0.5851592567744501
1527,3687751,0.07562559547794787
1528,3687752,0.21536880216466903
1529,3687753,0.12034687109166896
1530,3687754,0.09259724697314001
1531,3687755,0.17115296086170864
1532,3687756,0.12124981087129832
1533,3687757,0.0883789666558029
1534,3687758,0.07830608849214094
1535,3687759,0.5950522610597351
1536,3687760,0.11731406110242193
1537,3687761,0.5853950007987212
1538,3687762,0.0982452264221726
1539,3687763,0.09687510505969252
1540,3687764,0.30261933342240216
1541,3687765,0.10255034719554718
1542,3687766,0.6490815203570797
1543,3687767,0.16094974477706903
1544,3687768,0.21394164486749878
1545,3687769,0.12243327155010718
1546,3687770,0.4154606116694848
1547,3687771,0.4822715098755129
1548,3687772,0.4213154679085507
1549,3687773,0.08876419739553475
1550,3687774,0.23152844290982708
1551,3687775,0.23339685581427416
1552,3687776,0.09403834150749558
1553,3687777,0.13212684975056285
1554,3687778,0.10382244391285238
1555,3687779,0.3218746209606734
1556,3687780,0.20853734956377543
1557,3687781,0.08923255683757135
1558,3687782,0.4780349620777696
1559,3687783,0.24996812408186106
1560,3687784,0.1636682330025444
1561,3687785,0.2653996413922526
1562,3687786,0.07764900532838794
1563,3687787,0.1612991337492095
1564,3687788,0.5675034904045254
1565,3687789,0.09974046575248022
1566,3687790,0.1053145971899439
1567,3687791,0.19638110454472765
1568,3687792,0.36449159323719893
1569,3687793,0.10290993743672149
1570,3687794,0.08855133330013616
1571,3687795,0.10185536431517749
1572,3687796,0.10745566053168536
1573,3687797,0.5234143809464178
1574,3687798,0.1063491106999149
1575,3687799,0.07975224852158083
1576,3687800,0.07839516204155565
1577,3687801,0.10024281794378326
1578,3687802,0.08709411711591745
1579,3687803,0.13580059545059464
1580,3687804,0.17738913562764555
1581,3687805,0.10298086640201594
1582,3687806,0.4363281688867839
1583,3687807,0.07579381829485496
1584,3687808,0.1742959842005926
1585,3687809,0.10896134425035939
1586,3687810,0.08492268503828647
1587,3687811,0.0901153803587489
1588,3687812,0.07795418261669022
1589,3687813,0.6880222320831668
1590,3687814,0.29336966937052744
1591,3687815,0.09648563888082323
1592,3687816,0.12232699852499405
1593,3687817,0.6711397062646027
1594,3687818,0.0900494447179209
1595,3687819,0.10302454495879589
1596,3687820,0.11319294155835448
1597,3687821,0.09396568786449444
1598,3687822,0.17264710643542966
1599,3687823,0.07987700841721122
1600,3687824,0.13101150329965497
1601,3687825,0.09970988278306567
1602,3687826,0.1202771372171642
1603,3687827,0.0843240522826184
1604,3687828,0.3130060317387382
1605,3687829,0.6883291389911647
1606,3687830,0.6721032316785077
1607,3687831,0.5265355071789157
1608,3687832,0.08841697371547404
1609,3687833,0.09891701101888777
1610,3687834,0.08376444152717774
1611,3687835,0.09571427802876185
1612,3687836,0.36618344221283894
1613,3687837,0.1622054875772391
1614,3687838,0.17071306096176397
1615,3687839,0.08963348801723364
1616,3687840,0.0792250779886068
1617,3687841,0.7254890535197266
1618,3687842,0.12251802388533774
1619,3687843,0.5359651525149922
1620,3687844,0.3010209633027344
1621,3687845,0.12647062799205824
1622,3687846,0.0914158251964535
1623,3687847,0.34825045956083667
1624,3687848,0.2941216264697238
1625,3687849,0.6430775235429916
1626,3687850,0.09323087230094403
1627,3687851,0.28236281725025447
1628,3687852,0.09035895701918431
1629,3687853,0.10423763692268885
1630,3687854,0.13868667119228062
1631,3687855,0.23927199018435716
1632,3687856,0.16418232283259754
1633,3687857,0.15176539772500458
1634,3687858,0.15616504641232767
1635,3687859,0.6185483168981694
1636,3687860,0.1328977112968414
1637,3687861,0.26607767109199076
1638,3687862,0.09238927572850678
1639,3687863,0.1321187049778631
1640,3687864,0.07936256201022932
1641,3687865,0.20699042358391634
1642,3687866,0.10445461803796914
1643,3687867,0.0922175913519756
1644,3687868,0.09857117407170876
1645,3687869,0.26222796045989527
1646,3687870,0.15632349030638687
1647,3687871,0.11898034558764387
1648,3687872,0.10158649210497789
1649,3687873,0.07810590024376501
1650,3687874,0.1526502159028864
1651,3687875,0.13729619578311414
1652,3687876,0.31354397103676435
1653,3687877,0.5344483565655274
1654,3687878,0.22882305489049698
1655,3687879,0.46350069447559245
1656,3687880,0.07536196867695727
1657,3687881,0.10638049599960678
1658,3687882,0.5087100934939942
1659,3687883,0.1274250139300087
1660,3687884,0.1832632907210667
1661,3687885,0.16332777798472342
1662,3687886,0.10159957474423523
1663,3687887,0.08143063539548598
1664,3687888,0.20557443370259437
1665,3687889,0.6227053837224344
1666,3687890,0.5854122843556043
1667,3687891,0.0992843740316742
1668,3687892,0.3970104662197845
1669,3687893,0.11125315412023316
1670,3687894,0.13080717706440448
1671,3687895,0.15604186212274368
1672,3687896,0.13907421431855432
1673,3687897,0.12038311225197715
1674,3687898,0.21174086102434417
1675,3687899,0.08979414598811586
1676,3687900,0.5145338049951886
1677,3687901,0.11678095527621063
1678,3687902,0.12389087862712031
1679,3687903,0.14094700634500718
1680,3687904,0.07578607732684543
1681,3687905,0.10671128244007294
1682,3687906,0.1059703639366225
1683,3687907,0.1673606612908795
1684,3687908,0.33678543765432545
1685,3687909,0.1970192973148536
1686,3687910,0.3118580816745876
1687,3687911,0.4046381870123155
1688,3687912,0.07838760130115627
1689,3687913,0.48060343327263116
1690,3687914,0.2740520792719798
1691,3687915,0.16161915133987412
1692,3687916,0.08955142322761471
1693,3687917,0.07497427932377043
1694,3687918,0.09590334782831818
1695,3687919,0.19591306818637452
1696,3687920,0.2562017654750419
1697,3687921,0.09948538957573244
1698,3687922,0.46125120689370697
1699,3687923,0.2284845042324097
1700,3687924,0.16873137229387927
1701,3687925,0.5853815425574909
1702,3687926,0.08078888323652597
1703,3687927,0.4943654074354261
1704,3687928,0.0771647411973245
1705,3687929,0.641544271682969
1706,3687930,0.4067581117686723
1707,3687931,0.11470214027822079
1708,3687932,0.4253434734177434
1709,3687933,0.12667619943443947
1710,3687934,0.08713609005549743
1711,3687935,0.07748734363454997
1712,3687936,0.09550289790259268
1713,3687937,0.09240060720545554
1714,3687938,0.08417412497303702
1715,3687939,0.10350163156247592
1716,3687940,0.24909758802472695
1717,3687941,0.08486905640497024
1718,3687942,0.07639115819017357
1719,3687943,0.11175107891882315
1720,3687944,0.0809038518174595
1721,3687945,0.11519287597928778
1722,3687946,0.07335373145343227
1723,3687947,0.14713161866477095
1724,3687948,0.3931602474435479
1725,3687949,0.4993775092646546
1726,3687950,0.1670640037691822
1727,3687951,0.12512333621285582
1728,3687952,0.10760573188332484
1729,3687953,0.08367496037224174
1730,3687954,0.08358356811570367
1731,3687955,0.07704723869817509
1732,3687956,0.15213951525944203
1733,3687957,0.4070298049421656
1734,3687958,0.14365572703503288
1735,3687959,0.11390103673185555
1736,3687960,0.11073889610755115
1737,3687961,0.07699806688615085
1738,3687962,0.10925936272229732
1739,3687963,0.07646296918640968
1740,3687964,0.07593816522312007
1741,3687965,0.07556216830535431
1742,3687966,0.07879602270293394
1743,3687967,0.10382777702723023
1744,3687968,0.12305624486528079
1745,3687969,0.13105390471644848
1746,3687970,0.10467631156216523
1747,3687971,0.18236800732463773
1748,3687972,0.0859255897126306
1749,3687973,0.13089429092031485
1750,3687974,0.2555632172008292
1751,3687975,0.1536429223703151
1752,3687976,0.13722727655690156
1753,3687977,0.11666362706410129
1754,3687978,0.22103035705373994
1755,3687979,0.46958030993643557
1756,3687980,0.5518736140116507
1757,3687981,0.11638197870245846
1758,3687982,0.20241648005660404
1759,3687983,0.11449447606107353
1760,3687984,0.08943482819588557
1761,3687985,0.23303562171729722
1762,3687986,0.09886559775049367
1763,3687987,0.10204157248788756
1764,3687988,0.07886518477663985
1765,3687989,0.07795123865115813
1766,3687990,0.4677293532120505
1767,3687991,0.2660291282490314
1768,3687992,0.1351327622266605
1769,3687993,0.13900769903371488
1770,3687994,0.6942466165832426
1771,3687995,0.1320074054767355
1772,3687996,0.0857918564282227
1773,3687997,0.07558245875561101
1774,3687998,0.24537157817848448
1775,3687999,0.14848074794317861
1776,3688000,0.0736432332483184
1777,3688001,0.39493933308360024
1778,3688002,0.08722424202996218
1779,3688003,0.6953788990552677
1780,3688004,0.11806056424525023
1781,3688005,0.20996112640215864
1782,3688006,0.5381263257217138
1783,3688007,0.10476081757829026
1784,3688008,0.2386765775096491
1785,3688009,0.08376169270913134
1786,3688010,0.08379053034091617
1787,3688011,0.08928363080370882
1788,3688012,0.16033194218780092
1789,3688013,0.2928205141787065
1790,3688014,0.07371981634865366
1791,3688015,0.530059568373525
1792,3688016,0.6689953632654697
1793,3688017,0.16669103716921968
1794,3688018,0.18999063334979768
1795,3688019,0.07665710460928409
1796,3688020,0.09735967005386019
1797,3688021,0.1313355472372159
1798,3688022,0.12755281907090038
1799,3688023,0.4538832750674733
1800,3688024,0.33378805775790726
1801,3688025,0.12392192257817115
1802,3688026,0.5557050609364682
1803,3688027,0.13844980839601712
1804,3688028,0.2752922661283685
1805,3688029,0.09598117345720945
1806,3688030,0.07500079748123728
1807,3688031,0.14942947787895713
1808,3688032,0.35052080451481754
1809,3688033,0.12075484378109413
1810,3688034,0.1658291488618057
1811,3688035,0.10834295309856534
1812,3688036,0.3436343233704652
1813,3688037,0.20715342800335285
1814,3688038,0.15887617740324242
1815,3688039,0.07734694100135062
1816,3688040,0.108427937779271
1817,3688041,0.14120584517819754
1818,3688042,0.2992950154066999
1819,3688043,0.07379627968775328
1820,3688044,0.6662379576486689
1821,3688045,0.07625277815501164
1822,3688046,0.20579352287779606
1823,3688047,0.09042131055722809
1824,3688048,0.11487814881120559
1825,3688049,0.0752215688085128
1826,3688050,0.07594010337268432
1827,3688051,0.07605332692548653
1828,3688052,0.46994002210203867
1829,3688053,0.13323467190916258
1830,3688054,0.2243004949240049
1831,3688055,0.0909964498129421
1832,3688056,0.08107320825905345
1833,3688057,0.11953857165696978
1834,3688058,0.19636740270787156
1835,3688059,0.13912816429422675
1836,3688060,0.07933463027949562
1837,3688061,0.5420137553721418
1838,3688062,0.11161663888002375
1839,3688063,0.08272662510623187
1840,3688064,0.530488014897018
1841,3688065,0.22475283224778142
1842,3688066,0.1099698685262063
1843,3688067,0.21943459925930744
1844,3688068,0.08552039757677984
1845,3688069,0.2929871983486819
1846,3688070,0.15661753598423886
1847,3688071,0.07533141898845104
1848,3688072,0.40892363898251427
1849,3688073,0.18101758442204205
1850,3688074,0.08876882979391536
1851,3688075,0.105687871052243
1852,3688076,0.10231417883234963
1853,3688077,0.4720799769389858
1854,3688078,0.20717919038998184
1855,3688079,0.08790895209537469
1856,3688080,0.09338043788925918
1857,3688081,0.122605838480407
1858,3688082,0.10695209179851654
1859,3688083,0.08918680651491276
1860,3688084,0.2743955779089587
1861,3688085,0.10864654510844694
1862,3688086,0.0862519683265013
1863,3688087,0.10158800611654702
1864,3688088,0.6209610255367948
1865,3688089,0.0822690373493852
1866,3688090,0.16052342214999524
1867,3688091,0.25884340656378246
1868,3688092,0.13938505145944807
1869,3688093,0.4893363905219118
1870,3688094,0.1552632087757012
1871,3688095,0.14416584611470204
1872,3688096,0.5316480801165332
1873,3688097,0.10381783340327377
1874,3688098,0.5816323218039668
1875,3688099,0.07517291237727423
1876,3688100,0.509905540395586
1877,3688101,0.2724236094297772
1878,3688102,0.09123826408810908
1879,3688103,0.07585728253937657
1880,3688104,0.12509838591871725
1881,3688105,0.09567126799875378
1882,3688106,0.389175117907817
1883,3688107,0.10391263997199741
1884,3688108,0.24019113603382838
1885,3688109,0.22767158341950539
1886,3688110,0.13908281058789146
1887,3688111,0.346161938236432
1888,3688112,0.17587042990663643
1889,3688113,0.14176856003781704
1890,3688114,0.14615338149275744
1891,3688115,0.12360828762150876
1892,3688116,0.10306189385563727
1893,3688117,0.16091931001667742
1894,3688118,0.22784952186755875
1895,3688119,0.0759275065998796
1896,3688120,0.09116846192489532
1897,3688121,0.07765297439698476
1898,3688122,0.2720448978336822
1899,3688123,0.2867783246738379
1900,3688124,0.11498264695428068
1901,3688125,0.08444868318462116
1902,3688126,0.11348519277450689
1903,3688127,0.07970100994839989
1904,3688128,0.5311941989921479
1905,3688129,0.09228357717240611
1906,3688130,0.10093859665497745
1907,3688131,0.6878510589547827
1908,3688132,0.09187576843706474
1909,3688133,0.14956183419396338
1910,3688134,0.11387207142524552
1911,3688135,0.19981722931389131
1912,3688136,0.18336784547192927
1913,3688137,0.08211632439902994
1914,3688138,0.11988573499296543
1915,3688139,0.6238337872231756
1916,3688140,0.22768520910135795
1917,3688141,0.2628417769535238
1918,3688142,0.22878573586448533
1919,3688143,0.08818993255118719
1920,3688144,0.6228037556714114
1921,3688145,0.10322884696785568
1922,3688146,0.07625398564013483
1923,3688147,0.1232444836171572
1924,3688148,0.07777489720932224
1925,3688149,0.24748275276648055
1926,3688150,0.5608366668096341
1927,3688151,0.1351327622266605
1928,3688152,0.7331815874159292
1929,3688153,0.3131104611228127
1930,3688154,0.08987454336181845
1931,3688155,0.07577055280818962
1932,3688156,0.12166895540355933
1933,3688157,0.1049538948888868
1934,3688158,0.09295642477915335
1935,3688159,0.12184870393845758
1936,3688160,0.29471076839214594
1937,3688161,0.31884299637873503
1938,3688162,0.07431497340642389
1939,3688163,0.08486713372918986
1940,3688164,0.2043131675488799
1941,3688165,0.09136745547200845
1942,3688166,0.10558573702580956
1943,3688167,0.13195649740142143
1944,3688168,0.10252106117828466
1945,3688169,0.24454327466425355
1946,3688170,0.07467467321134007
1947,3688171,0.10014091774398984
1948,3688172,0.6542753428300682
1949,3688173,0.30410120557729226
1950,3688174,0.7130519722769662
1951,3688175,0.14241280272310528
1952,3688176,0.18286189530513944
1953,3688177,0.24566600571724873
1954,3688178,0.13190706530335505
1955,3688179,0.07495730511348576
1956,3688180,0.587698869493715
1957,3688181,0.12268209983838813
1958,3688182,0.11275509772369989
1959,3688183,0.1301304047261842
1960,3688184,0.08147406318254714
1961,3688185,0.07597866645773019
1962,3688186,0.14561857884889015
1963,3688187,0.08765613484528151
1964,3688188,0.722685754887358
1965,3688189,0.19360290753452838
1966,3688190,0.10871676140597432
1967,3688191,0.5200266826172381
1968,3688192,0.145992845308938
1969,3688193,0.09157700684333979
1970,3688194,0.09009545688371814
1971,3688195,0.2169577012238778
1972,3688196,0.0762564885284044
1973,3688197,0.11102957184942024
1974,3688198,0.09754747122560535
1975,3688199,0.18996422760839873
1976,3688200,0.11103575553521139
1977,3688201,0.0937431876335883
1978,3688202,0.13415640388378744
1979,3688203,0.08611112995993202
1980,3688204,0.08694858597155833
1981,3688205,0.1266239864961551
1982,3688206,0.1033754731475534
1983,3688207,0.11589111859832298
1984,3688208,0.09267906600170611
1985,3688209,0.39738845013670526
1986,3688210,0.2557088549448615
1987,3688211,0.10731382099738264
1988,3688212,0.29031640061079195
1989,3688213,0.5416293219443626
1990,3688214,0.07446929528990377
1991,3688215,0.07977731917362772
1992,3688216,0.5106311348394328
1993,3688217,0.09822332046837637
1994,3688218,0.08619506723945361
1995,3688219,0.6452482209507033
1996,3688220,0.2021157986993429
1997,3688221,0.2765818623086312
1998,3688222,0.07971322026061389
1999,3688223,0.09861970862244103
2000,3688224,0.2584885757881621
2001,3688225,0.20042614337248058
2002,3688226,0.203433424809838
2003,3688227,0.10669580278121131
2004,3688228,0.15205954236420824
2005,3688229,0.5762175260094822
2006,3688230,0.09739364281106538
2007,3688231,0.10938460762451593
2008,3688232,0.09118019872787095
2009,3688233,0.5874240527925704
2010,3688234,0.09226300324546088
2011,3688235,0.08151320020984464
2012,3688236,0.1326608181430988
2013,3688237,0.21350883799108003
2014,3688238,0.12927998581882916
2015,3688239,0.10358060490359251
2016,3688240,0.09114826197203163
2017,3688241,0.10575322368302324
2018,3688242,0.076336603947513
2019,3688243,0.49976799453327564
2020,3688244,0.5022034969096447
2021,3688245,0.07923340789247492
2022,3688246,0.44109720088125415
2023,3688247,0.25144935280039393
2024,3688248,0.07507784604271077
2025,3688249,0.07516105609747943
2026,3688250,0.18654495605235344
2027,3688251,0.10703473725505216
2028,3688252,0.08830823088361905
2029,3688253,0.09121084782713142
2030,3688254,0.1716529881912216
2031,3688255,0.09379089893520062
2032,3688256,0.26119385048684585
2033,3688257,0.10076498710470175
2034,3688258,0.09160210277222758
2035,3688259,0.10023015697281784
2036,3688260,0.12467127161940438
2037,3688261,0.26958073126924303
2038,3688262,0.10246504667076796
2039,3688263,0.20299766872472064
2040,3688264,0.10660604887250688
2041,3688265,0.09150661852774222
2042,3688266,0.08536685450505799
2043,3688267,0.10648220490514242
2044,3688268,0.46041338179844443
2045,3688269,0.5465633824992916
2046,3688270,0.3059369920975113
2047,3688271,0.18589717287520377
2048,3688272,0.5737035540164264
2049,3688273,0.4395125873892364
2050,3688274,0.13887376542496768
2051,3688275,0.13430208549064346
2052,3688276,0.15614021475311862
2053,3688277,0.07812702875986718
2054,3688278,0.08552595009622731
2055,3688279,0.30465980606535176
2056,3688280,0.619997753552477
2057,3688281,0.08131861910075854
2058,3688282,0.14386326146181788
2059,3688283,0.16882764345675605
2060,3688284,0.22026346658545642
2061,3688285,0.2399897896986685
2062,3688286,0.0896788795303171
2063,3688287,0.08692419668727026
2064,3688288,0.10417188687748014
2065,3688289,0.4440113378602691
2066,3688290,0.21993259773509627
2067,3688291,0.31982739669443866
2068,3688292,0.09473107731789854
2069,3688293,0.1420997901929175
2070,3688294,0.10039005054744338
2071,3688295,0.10676895250231722
2072,3688296,0.16563596868906044
2073,3688297,0.08812856019900449
2074,3688298,0.13415032524585074
2075,3688299,0.21981498936976826
2076,3688300,0.1587637475819038
2077,3688301,0.09187705032832713
2078,3688302,0.7495890820788628
2079,3688303,0.554550042707416
2080,3688304,0.07602428228044102
2081,3688305,0.12536603442924224
2082,3688306,0.08944465492856159
2083,3688307,0.13064257423084286
2084,3688308,0.12304893368380201
2085,3688309,0.2148238738836998
2086,3688310,0.46365427075252585
2087,3688311,0.08600503603342811
2088,3688312,0.08818934153048522
2089,3688313,0.08142865214622186
2090,3688314,0.10089482675706792
2091,3688315,0.1631207672664117
2092,3688316,0.3925938773805612
2093,3688317,0.07550541417496694
2094,3688318,0.1108587926400759
2095,3688319,0.07650469780301618
2096,3688320,0.099097760327076
2097,3688321,0.137157756166381
2098,3688322,0.07365671422707046
2099,3688323,0.086671296554625
2100,3688324,0.25020479109333543
2101,3688325,0.089256788142914
2102,3688326,0.08842463301512088
2103,3688327,0.08941086404612077
2104,3688328,0.0834203396845991
2105,3688329,0.08886453749332061
2106,3688330,0.07755152753027407
2107,3688331,0.0969349527408368
2108,3688332,0.17505802104012513
2109,3688333,0.16245970382882427
2110,3688334,0.13182141637586606
2111,3688335,0.5365108441788703
2112,3688336,0.1535049418214117
2113,3688337,0.08923332821298591
2114,3688338,0.09640144515684129
2115,3688339,0.6399612790366579
2116,3688340,0.10373351273742855
2117,3688341,0.5581794969362868
2118,3688342,0.0922955461050999
2119,3688343,0.1871173066686235
2120,3688344,0.1544368563038819
2121,3688345,0.1085256524077444
2122,3688346,0.1931488259863631
2123,3688347,0.15514898220697676
2124,3688348,0.3364469232988134
2125,3688349,0.5683366057163375
2126,3688350,0.3626600516431967
2127,3688351,0.1303710758562601
2128,3688352,0.08990759691918733
2129,3688353,0.09891524336313469
2130,3688354,0.1221026538103771
2131,3688355,0.10820058479559544
2132,3688356,0.2654283978676271
2133,3688357,0.22742236202947733
2134,3688358,0.07337644563463265
2135,3688359,0.11205987766247377
2136,3688360,0.09143184293908331
2137,3688361,0.6425759891777212
2138,3688362,0.08843835790078704
2139,3688363,0.24380196826136133
2140,3688364,0.6758317994015237
2141,3688365,0.7132100907829
2142,3688366,0.08361148546432925
2143,3688367,0.5242691123034068
2144,3688368,0.08943862289200018
2145,3688369,0.10048842566147645
2146,3688370,0.47414108231940416
2147,3688371,0.12833051763354608
2148,3688372,0.238469435086932
2149,3688373,0.272205804564185
2150,3688374,0.08269470439030852
2151,3688375,0.07589383970734714
2152,3688376,0.12115013082303766
2153,3688377,0.14689733979367123
2154,3688378,0.6077329375742412
2155,3688379,0.3366579292920207
2156,3688380,0.17200743577693675
2157,3688381,0.18204164221506444
2158,3688382,0.28215620724192186
2159,3688383,0.14046652291562015
2160,3688384,0.09323087230094403
2161,3688385,0.17345462514946025
2162,3688386,0.16274248176698802
2163,3688387,0.08390359030028961
2164,3688388,0.1531752249687302
2165,3688389,0.07633642852675256
2166,3688390,0.3856402503383401
2167,3688391,0.32019036993937133
2168,3688392,0.07451292408449393
2169,3688393,0.1437801660997084
2170,3688394,0.10769009062206664
2171,3688395,0.10316151614764134
2172,3688396,0.0765669402729486
2173,3688397,0.15448511178526278
2174,3688398,0.09209625447791259
2175,3688399,0.09624939282560235
2176,3688400,0.1782718798321217
2177,3688401,0.49634049431361354
2178,3688402,0.5236833555886891
2179,3688403,0.10516495363176065
2180,3688404,0.17501403613038535
2181,3688405,0.07692991157521491
2182,3688406,0.08763427118189372
2183,3688407,0.4033560580296593
2184,3688408,0.10962899710390195
2185,3688409,0.10585255542533381
2186,3688410,0.08845477677688317
2187,3688411,0.5396204091515255
2188,3688412,0.27071993423043234
2189,3688413,0.2719251426962575
2190,3688414,0.14365037043738968
2191,3688415,0.3858987167315263
2192,3688416,0.08087064885175685
2193,3688417,0.404179190409403
2194,3688418,0.07592011527212121
2195,3688419,0.07532976407695227
2196,3688420,0.5157255963212369
2197,3688421,0.08011671493279297
2198,3688422,0.1018948538406419
2199,3688423,0.08184621990311608
2200,3688424,0.5498630740783729
2201,3688425,0.07919231239862203
2202,3688426,0.08877486501712245
2203,3688427,0.08767687313108204
2204,3688428,0.13356927715832723
2205,3688429,0.1237131076413382
2206,3688430,0.24050179864347104
2207,3688431,0.12933684937206805
2208,3688432,0.2955759969136651
2209,3688433,0.0962000692509518
2210,3688434,0.14060667818950381
2211,3688435,0.24925264536267439
2212,3688436,0.5488792358127821
2213,3688437,0.27946733862274964
2214,3688438,0.08979188342388805
2215,3688439,0.2047036862040168
2216,3688440,0.18328690828948627
2217,3688441,0.08823575539314264
2218,3688442,0.7494891356245326
2219,3688443,0.1462176143134314
2220,3688444,0.08902275059142294
2221,3688445,0.07563719972874723
2222,3688446,0.14910563986884687
2223,3688447,0.2391680822093692
2224,3688448,0.07431665148182344
2225,3688449,0.09323087230094403
2226,3688450,0.11484169247051755
2227,3688451,0.16155794359070574
2228,3688452,0.24521823166628584
2229,3688453,0.10747264018428887
2230,3688454,0.1970511139553987
2231,3688455,0.11449196538182112
2232,3688456,0.0985430472192881
2233,3688457,0.41243538013728637
2234,3688458,0.09742510869028531
2235,3688459,0.17989711909019854
2236,3688460,0.09413970695769126
2237,3688461,0.0882134670782809
2238,3688462,0.4646234769578623
2239,3688463,0.1438995811607102
2240,3688464,0.09000553382438839
2241,3688465,0.18586328789338175
2242,3688466,0.2558398114426232
2243,3688467,0.16493053451660272
2244,3688468,0.11189775048870246
2245,3688469,0.09080472619680378
2246,3688470,0.11254530735088525
2247,3688471,0.259260409543376
2248,3688472,0.14577728852116623
2249,3688473,0.08850483654365845
2250,3688474,0.08510385095698685
2251,3688475,0.1111186571741383
2252,3688476,0.08938182114690486
2253,3688477,0.1554684720511826
2254,3688478,0.07441344349101538
2255,3688479,0.074013044251685
2256,3688480,0.09310160056512459
2257,3688481,0.10631796841141851
2258,3688482,0.5236271251508814
2259,3688483,0.20421429687361264
2260,3688484,0.0921025003378674
2261,3688485,0.15926182596332236
2262,3688486,0.0776790627155586
2263,3688487,0.16142787273916712
2264,3688488,0.10308466259319847
2265,3688489,0.08976185785722539
2266,3688490,0.0953561114500773
2267,3688491,0.08298074146281303
2268,3688492,0.08707501809812235
2269,3688493,0.10265435603236124
2270,3688494,0.07478411012670255
2271,3688495,0.2741257743914242
2272,3688496,0.24834096382417953
2273,3688497,0.15399246327544272
2274,3688498,0.1551523731371236
2275,3688499,0.22875754132629225
2276,3688500,0.1328232379784068
2277,3688501,0.12447841071740924
2278,3688502,0.10560621520914926
2279,3688503,0.37913572162350534
2280,3688504,0.16542236118189144
2281,3688505,0.40838152801266325
2282,3688506,0.09602930214087438
2283,3688507,0.2597230486300885
2284,3688508,0.1240128164452017
2285,3688509,0.17988454822502195
2286,3688510,0.13599104539857063
2287,3688511,0.07763669918876169
2288,3688512,0.45209386171833654
2289,3688513,0.0934670296297056
2290,3688514,0.3548950215605439
2291,3688515,0.10777536879008326
2292,3688516,0.07585187456906378
2293,3688517,0.1580946066818015
2294,3688518,0.13967146815136244
2295,3688519,0.3340742657415939
2296,3688520,0.2739450835662491
2297,3688521,0.09295053949886664
2298,3688522,0.20356126874901895
2299,3688523,0.5948620316159443
2300,3688524,0.12879838238101757
2301,3688525,0.6057417120493338
2302,3688526,0.0823297402990785
2303,3688527,0.1494158991559794
2304,3688528,0.10644508942926412
2305,3688529,0.10046174479265778
2306,3688530,0.2994239565127215
2307,3688531,0.2914674860299308
2308,3688532,0.08831361736572915
2309,3688533,0.2255387704679175
2310,3688534,0.20864461428518138
2311,3688535,0.41633567535221844
2312,3688536,0.1084328153231995
2313,3688537,0.0815155962837901
2314,3688538,0.0868997273844615
2315,3688539,0.324099265131819
2316,3688540,0.0947297973893859
2317,3688541,0.1986707620609857
2318,3688542,0.0819707116532392
2319,3688543,0.07853878705751947
2320,3688544,0.07709347433255312
2321,3688545,0.2698800685461068
2322,3688546,0.2857612751251518
2323,3688547,0.5079808937026379
2324,3688548,0.12152338912179977
2325,3688549,0.07572735298871279
2326,3688550,0.11478278285121996
2327,3688551,0.6508345961131952
2328,3688552,0.4288443874785439
2329,3688553,0.08501989288935502
2330,3688554,0.1834152799004923
2331,3688555,0.07470942619115926
2332,3688556,0.43232396084389524
2333,3688557,0.1073873414727594
2334,3688558,0.496302359824653
2335,3688559,0.09501894078401096
2336,3688560,0.1244665577416698
2337,3688561,0.2785038023428812
2338,3688562,0.07696767184686526
2339,3688563,0.08021295608664493
2340,3688564,0.1003733772068256
2341,3688565,0.08476618537626457
2342,3688566,0.11575903509517008
2343,3688567,0.29574896923567034
2344,3688568,0.08199327825115307
2345,3688569,0.09004521021790568
2346,3688570,0.09133189337126525
2347,3688571,0.10029572764344397
2348,3688572,0.0854802155770495
2349,3688573,0.08255862831764349
2350,3688574,0.07609673669528569
2351,3688575,0.11180463220213871
2352,3688576,0.08641860790435452
2353,3688577,0.11460391295935632
2354,3688578,0.07781663715150182
2355,3688579,0.19043463733532717
2356,3688580,0.18084285742127623
2357,3688581,0.281929583867643
2358,3688582,0.21151813694423585
2359,3688583,0.32697230235508573
2360,3688584,0.5533355710734241
2361,3688585,0.13073833870472423
2362,3688586,0.16251715568846622
2363,3688587,0.1297218198056169
2364,3688588,0.5908921492148247
2365,3688589,0.07385434747580244
2366,3688590,0.14638291987036392
2367,3688591,0.13311128243265558
2368,3688592,0.26777423832713965
2369,3688593,0.1546908524884259
2370,3688594,0.22756254354439942
2371,3688595,0.09752773874744314
2372,3688596,0.19413461568368828
2373,3688597,0.09861686688096927
2374,3688598,0.13239339944392395
2375,3688599,0.09173435951638864
2376,3688600,0.08469590338997765
2377,3688601,0.1074664441875102
2378,3688602,0.1264287540693389
2379,3688603,0.7278660259623799
2380,3688604,0.15010294106850267
2381,3688605,0.07783618849190349
2382,3688606,0.07821780631435674
2383,3688607,0.12156845714345789
